{
    "Modules": {
        "struct_pckg": {
            "start_perf": [
                0.39714789390563965,
                0.185336,
                0.074338000000000001,
                233132,
                241920,
                1562576746.4072239
            ],
            "Compiled": "Yes",
            "Compiled Times": 1,
            "end_perf": [
                0.39838504791259766,
                0.18651000000000001,
                0.074399999999999994,
                233132,
                241920
            ],
            "nMops": 0,
            "nQuads": 0
        },
        "...MASTER...": {
            "start_perf": [
                0.38147306442260742,
                0.17458299999999999,
                0.069424,
                228016,
                241920,
                1562576746.3915491
            ],
            "end_perf": [
                0.38579797744750977,
                0.177817,
                0.070513999999999993,
                229652,
                241920
            ],
            "nMops": 0,
            "nQuads": 0
        },
        "_vcs_unit__514785612": {
            "start_perf": [
                0.38594889640808105,
                0.177817,
                0.070665000000000006,
                229652,
                241920,
                1562576746.3960249
            ],
            "Compiled": "Yes",
            "Compiled Times": 1,
            "end_perf": [
                0.38809490203857422,
                0.178287,
                0.072332999999999995,
                232684,
                241920
            ],
            "nMops": 0,
            "nQuads": 0
        },
        "std": {
            "start_perf": [
                0.38813900947570801,
                0.17831900000000001,
                0.072345999999999994,
                232684,
                241920,
                1562576746.3982151
            ],
            "Compiled": "Yes",
            "Compiled Times": 1,
            "end_perf": [
                0.39709997177124023,
                0.18530099999999999,
                0.074324000000000001,
                233132,
                241920
            ],
            "nMops": 528,
            "nQuads": 218
        },
        "riv_testbench": {
            "start_perf": [
                0.39842987060546875,
                0.18654299999999999,
                0.074413000000000007,
                233132,
                241920,
                1562576746.4085059
            ],
            "Compiled": "Yes",
            "Compiled Times": 1,
            "end_perf": [
                0.52608704566955566,
                0.31067299999999998,
                0.077921000000000004,
                238404,
                241920
            ],
            "nMops": 21959,
            "nQuads": 8011
        }
    },
    "reusePaths": {},
    "CompUnits": {
        "reYIK_d": {
            "checksum": 0,
            "mod": "std",
            "out": "reYIK_d.o",
            "mode": 4,
            "bytes": 41362,
            "archive": "archive.0/_26624_archive_1.a"
        },
        "amcQw_d": {
            "checksum": 0,
            "mod": "...MASTER...",
            "out": "objs/amcQw_d.o",
            "mode": 4,
            "bytes": 8082
        },
        "LVp3r_d": {
            "checksum": 0,
            "mod": "_vcs_unit__514785612",
            "out": "LVp3r_d.o",
            "mode": 4,
            "bytes": 11882,
            "archive": "archive.0/_26624_archive_1.a"
        },
        "rngG4_d": {
            "checksum": 0,
            "mod": "riv_testbench",
            "out": "rngG4_d.o",
            "mode": 4,
            "bytes": 267592,
            "archive": "archive.0/_26624_archive_1.a"
        },
        "sA1fz_d": {
            "checksum": 0,
            "mod": "struct_pckg",
            "out": "sA1fz_d.o",
            "mode": 4,
            "bytes": 9936,
            "archive": "archive.0/_26624_archive_1.a"
        }
    },
    "ObjArchives": [
        {
            "size": 435826,
            "archive": "archive.0/_26624_archive_1.a",
            "objects": [
                [
                    "LVp3r_d.o",
                    11882
                ],
                [
                    "reYIK_d.o",
                    41362
                ],
                [
                    "sA1fz_d.o",
                    9936
                ],
                [
                    "rngG4_d.o",
                    267592
                ],
                [
                    "amcQwB.o",
                    105054
                ]
            ]
        }
    ],
    "stat": {
        "ru_self_end": {
            "ru_utime_sec": 0.31296800000000002,
            "ru_minflt": 32534,
            "ru_stime_sec": 0.081027000000000002,
            "ru_maxrss_kb": 82052,
            "ru_nivcsw": 12,
            "ru_majflt": 0,
            "ru_nvcsw": 51
        },
        "ru_childs_end": {
            "ru_utime_sec": 0.019689999999999999,
            "ru_minflt": 11033,
            "ru_stime_sec": 0.046614000000000003,
            "ru_maxrss_kb": 20412,
            "ru_nivcsw": 24,
            "ru_majflt": 0,
            "ru_nvcsw": 26
        },
        "peak_mem_kb": 241920
    }
}